{
  "openai/gpt-5-nano": {
    "zero": {
      "n": 500,
      "compliance": 1.0,
      "accuracy": 0.572,
      "macro_f1": 0.544489952561088,
      "mae": 0.456,
      "confusion": [
        [
          79,
          21,
          0,
          0,
          0
        ],
        [
          25,
          64,
          8,
          3,
          0
        ],
        [
          0,
          33,
          21,
          39,
          7
        ],
        [
          0,
          2,
          0,
          34,
          64
        ],
        [
          0,
          1,
          0,
          11,
          88
        ]
      ]
    },
    "few": {
      "n": 500,
      "compliance": 1.0,
      "accuracy": 0.586,
      "macro_f1": 0.5719415665673717,
      "mae": 0.442,
      "confusion": [
        [
          81,
          18,
          1,
          0,
          0
        ],
        [
          28,
          60,
          9,
          3,
          0
        ],
        [
          0,
          26,
          30,
          39,
          5
        ],
        [
          0,
          2,
          2,
          42,
          54
        ],
        [
          0,
          1,
          1,
          18,
          80
        ]
      ]
    }
  },
  "deepseek/deepseek-v3.2": {
    "zero": {
      "n": 500,
      "compliance": 0.996,
      "accuracy": 0.6244979919678715,
      "macro_f1": 0.6170251278572196,
      "mae": 0.3895582329317269,
      "confusion": [
        [
          78,
          22,
          0,
          0,
          0
        ],
        [
          20,
          64,
          12,
          2,
          0
        ],
        [
          0,
          22,
          42,
          32,
          4
        ],
        [
          0,
          1,
          1,
          43,
          55
        ],
        [
          0,
          0,
          0,
          16,
          84
        ]
      ]
    },
    "few": {
      "n": 500,
      "compliance": 1.0,
      "accuracy": 0.66,
      "macro_f1": 0.6621567370266572,
      "mae": 0.35,
      "confusion": [
        [
          71,
          28,
          1,
          0,
          0
        ],
        [
          13,
          68,
          17,
          2,
          0
        ],
        [
          0,
          10,
          58,
          30,
          2
        ],
        [
          0,
          0,
          3,
          56,
          41
        ],
        [
          0,
          0,
          0,
          23,
          77
        ]
      ]
    }
  },
  "google/gemini-2.0-flash": {
    "zero": {
      "n": 500,
      "compliance": 1.0,
      "accuracy": 0.634,
      "macro_f1": 0.6269377483993347,
      "mae": 0.384,
      "confusion": [
        [
          86,
          14,
          0,
          0,
          0
        ],
        [
          28,
          55,
          13,
          4,
          0
        ],
        [
          1,
          10,
          50,
          35,
          4
        ],
        [
          0,
          0,
          3,
          42,
          55
        ],
        [
          0,
          0,
          0,
          16,
          84
        ]
      ]
    },
    "few": {
      "n": 500,
      "compliance": 1.0,
      "accuracy": 0.66,
      "macro_f1": 0.6563889249793771,
      "mae": 0.354,
      "confusion": [
        [
          82,
          18,
          0,
          0,
          0
        ],
        [
          22,
          60,
          16,
          2,
          0
        ],
        [
          1,
          10,
          53,
          33,
          3
        ],
        [
          0,
          0,
          3,
          52,
          45
        ],
        [
          0,
          0,
          1,
          16,
          83
        ]
      ]
    }
  },
  "winner": "deepseek/deepseek-v3.2"
}