{
  "model": "deepseek/deepseek-v3.2",
  "yelp": {
    "n": 500,
    "compliance": 1.0,
    "accuracy": 0.66,
    "macro_f1": 0.6621567370266572,
    "mae": 0.35,
    "confusion": [
      [
        71,
        28,
        1,
        0,
        0
      ],
      [
        13,
        68,
        17,
        2,
        0
      ],
      [
        0,
        10,
        58,
        30,
        2
      ],
      [
        0,
        0,
        3,
        56,
        41
      ],
      [
        0,
        0,
        0,
        23,
        77
      ]
    ],
    "time_s": 0.1
  },
  "amazon": {
    "n": 300,
    "compliance": 1.0,
    "accuracy": 0.64,
    "macro_f1": 0.6362460236539766,
    "mae": 0.39,
    "confusion": [
      [
        50,
        10,
        0,
        0,
        0
      ],
      [
        14,
        44,
        2,
        0,
        0
      ],
      [
        1,
        29,
        23,
        6,
        1
      ],
      [
        1,
        4,
        11,
        38,
        6
      ],
      [
        0,
        0,
        1,
        22,
        37
      ]
    ],
    "time_s": 35.1
  },
  "imdb": {
    "n": 300,
    "compliance": 1.0,
    "accuracy": 0.42333333333333334,
    "macro_f1": 0.5948400684480716,
    "mae": 0.7266666666666667,
    "confusion": [
      [
        63,
        0
      ],
      [
        0,
        64
      ]
    ],
    "time_s": 37.0
  }
}