{
  "yelp_eval": {
    "n": 500,
    "classes": [
      1,
      2,
      3,
      4,
      5
    ],
    "accuracy": 0.652,
    "macro_f1": 0.6474699809131428,
    "mae": 0.374,
    "confusion": [
      [
        85,
        14,
        0,
        1,
        0
      ],
      [
        26,
        58,
        15,
        1,
        0
      ],
      [
        1,
        19,
        58,
        21,
        1
      ],
      [
        2,
        0,
        17,
        49,
        32
      ],
      [
        0,
        0,
        4,
        20,
        76
      ]
    ]
  },
  "amazon_eval": {
    "n": 300,
    "classes": [
      1,
      2,
      3,
      4,
      5
    ],
    "accuracy": 0.6466666666666666,
    "macro_f1": 0.6412625088198016,
    "mae": 0.46,
    "confusion": [
      [
        53,
        5,
        0,
        1,
        1
      ],
      [
        18,
        35,
        5,
        1,
        1
      ],
      [
        11,
        16,
        29,
        3,
        1
      ],
      [
        5,
        0,
        14,
        33,
        8
      ],
      [
        0,
        0,
        2,
        14,
        44
      ]
    ]
  },
  "imdb_eval": {
    "n": 300,
    "classes": [
      1,
      5
    ],
    "accuracy": 0.59,
    "macro_f1": 0.7196486683934382,
    "mae": 0.7133333333333334,
    "confusion": [
      [
        80,
        55,
        7,
        3,
        5
      ],
      [
        0,
        0,
        0,
        0,
        0
      ],
      [
        0,
        0,
        0,
        0,
        0
      ],
      [
        0,
        0,
        0,
        0,
        0
      ],
      [
        9,
        12,
        12,
        20,
        97
      ]
    ]
  }
}