{
  "yelp_eval": {
    "n": 500,
    "classes": [
      1,
      2,
      3,
      4,
      5
    ],
    "accuracy": 0.592,
    "macro_f1": 0.5901308883102162,
    "mae": 0.46,
    "confusion": [
      [
        72,
        25,
        2,
        0,
        1
      ],
      [
        24,
        48,
        27,
        0,
        1
      ],
      [
        0,
        21,
        55,
        22,
        2
      ],
      [
        1,
        2,
        14,
        48,
        35
      ],
      [
        1,
        2,
        6,
        18,
        73
      ]
    ]
  },
  "amazon_eval": {
    "n": 300,
    "classes": [
      1,
      2,
      3,
      4,
      5
    ],
    "accuracy": 0.5166666666666667,
    "macro_f1": 0.494426144955235,
    "mae": 0.6166666666666667,
    "confusion": [
      [
        45,
        14,
        1,
        0,
        0
      ],
      [
        22,
        29,
        7,
        1,
        1
      ],
      [
        10,
        21,
        23,
        2,
        4
      ],
      [
        6,
        3,
        18,
        12,
        21
      ],
      [
        0,
        1,
        5,
        8,
        46
      ]
    ]
  },
  "imdb_eval": {
    "n": 300,
    "classes": [
      1,
      5
    ],
    "accuracy": 0.51,
    "macro_f1": 0.6526151160253146,
    "mae": 0.9133333333333333,
    "confusion": [
      [
        74,
        62,
        10,
        0,
        4
      ],
      [
        0,
        0,
        0,
        0,
        0
      ],
      [
        0,
        0,
        0,
        0,
        0
      ],
      [
        0,
        0,
        0,
        0,
        0
      ],
      [
        12,
        25,
        19,
        15,
        79
      ]
    ]
  }
}