{
  "yelp_eval": {
    "n": 500,
    "classes": [
      1,
      2,
      3,
      4,
      5
    ],
    "accuracy": 0.64,
    "macro_f1": 0.6396244225326679,
    "mae": 0.4,
    "confusion": [
      [
        76,
        22,
        1,
        0,
        1
      ],
      [
        19,
        59,
        22,
        0,
        0
      ],
      [
        0,
        20,
        60,
        18,
        2
      ],
      [
        2,
        1,
        15,
        53,
        29
      ],
      [
        1,
        1,
        4,
        22,
        72
      ]
    ]
  },
  "amazon_eval": {
    "n": 300,
    "classes": [
      1,
      2,
      3,
      4,
      5
    ],
    "accuracy": 0.59,
    "macro_f1": 0.5839684353017598,
    "mae": 0.5133333333333333,
    "confusion": [
      [
        49,
        9,
        0,
        1,
        1
      ],
      [
        16,
        35,
        9,
        0,
        0
      ],
      [
        10,
        16,
        28,
        5,
        1
      ],
      [
        4,
        3,
        15,
        25,
        13
      ],
      [
        0,
        0,
        4,
        16,
        40
      ]
    ]
  },
  "imdb_eval": {
    "n": 300,
    "classes": [
      1,
      5
    ],
    "accuracy": 0.5266666666666666,
    "macro_f1": 0.6701774635694705,
    "mae": 0.8133333333333334,
    "confusion": [
      [
        72,
        64,
        11,
        0,
        3
      ],
      [
        0,
        0,
        0,
        0,
        0
      ],
      [
        0,
        0,
        0,
        0,
        0
      ],
      [
        0,
        0,
        0,
        0,
        0
      ],
      [
        10,
        17,
        18,
        19,
        86
      ]
    ]
  }
}